Created	Amount	CardholderName	CardNumber	ExpiredM	ExpiredY	CVV	Status
2015-11-25 17:40:37	142.23	Lorem Ipsum	qTVAS6MWrXh2ufxvBberASfFm+8pbcT0Bk9BM6khcfE=	01	12	123	Declined
2015-11-25 17:40:37	142.23	Lorem Ipsum	9bMYEBbV6kWwh2h2qRgcX2EXixPh7+V6d/1LIK/FAd4=	1	12	789	Declined
2015-11-25 17:40:37	142.23	Lorem Ipsum	9bMYEBbV6kWwh2h2qRgcX2EXixPh7+V6d/1LIK/FAd4=	1	12	987	Declined
2015-11-25 17:40:37	142.23	Lorem Ipsum	9bMYEBbV6kWwh2h2qRgcX2EXixPh7+V6d/1LIK/FAd4=	1	12	123	Declined
2015-11-25 17:40:37	142.23	xam	9bMYEBbV6kWwh2h2qRgcX2EXixPh7+V6d/1LIK/FAd4=	1	12	444	Declined
2015-11-25 17:40:37	142.23	hassan	9bMYEBbV6kWwh2h2qRgcX2EXixPh7+V6d/1LIK/FAd4=	1	12	123	Declined
2015-11-25 17:40:37	142.23	xamsco	9bMYEBbV6kWwh2h2qRgcX2EXixPh7+V6d/1LIK/FAd4=	1	12	444	Approved
2015-11-25 17:40:37	142.23	xamss	9bMYEBbV6kWwh2h2qRgcX2EXixPh7+V6d/1LIK/FAd4=	1	12	444	Declined
2015-11-25 17:40:37	142.23	Lorem Ipsum	9bMYEBbV6kWwh2h2qRgcX2EXixPh7+V6d/1LIK/FAd4=	1	12	45678	Approved
